Action,Time,ISIN,Ticker,Name,No. of shares,Price / share,Currency (Price / share),Exchange rate,Result (EUR),Total (EUR),Withholding tax,Currency (Withholding tax),Charge amount (EUR),Deposit fee (EUR),Stamp duty reserve tax (EUR),Notes,ID,Currency conversion fee (EUR)
Deposit,2021-01-07 10:02:59,,,,,,,,,50.00,,,50.00,,,"Transaction ID: 1329100137787678",9b71171a-4f52-4339-874f-1dcf23befbcf,
Market buy,2021-01-07 10:07:26,DE0007472060,WDI,"Wirecard",10.0000000000,0.94,EUR,1.00000,,9.36,,,,,,,EOF768020975,
Market buy,2021-01-07 10:21:17,IE00B1XNHC34,INRG,"iShares Global Clean Energy",1.0000000000,1391.50,GBX,90.15510,,15.43,,,,,,,EOF768023116,
Market buy,2021-01-07 10:50:55,GB0009895292,AZN,"AstraZeneca",0.1300000000,7466.00,GBX,90.24280,,10.81,,,,,0.05,,EOF768028264,
Market buy,2021-01-08 14:31:08,US88160R1014,TSLA,"Tesla",0.0110000000,856.31,USD,1.22803,,7.67,,,,,,,EOF785995314,
Deposit,2021-01-08 23:16:15,,,,,,,,,50.00,,,50.00,,,"Transaction ID: 1556101477742301",63921f3e-4d1b-498b-9e49-f2d20f12bc59,
Market buy,2021-01-11 15:45:14,US1912161007,KO,"Coca-Cola",0.4500000000,50.23,USD,1.21480,,18.61,,,,,,,EOF808416415,
Market buy,2021-01-14 14:31:03,US88160R1014,TSLA,"Tesla",0.0400000000,844.00,USD,1.21177,,27.86,,,,,,,EOF828948494,
Market buy,2021-01-14 14:36:55,US88160R1014,TSLA,"Tesla",0.0110000000,839.54,USD,1.21239,,7.62,,,,,,,EOF828977036,
Market buy,2021-01-21 12:56:23,DE000A1J5RX9,O2D,"Telefonica",1.0000000000,2.28,EUR,1.00000,,2.28,,,,,,,EOF865130102,
Deposit,2021-01-27 18:33:04,,,,,,,,,50.00,,,50.00,,,"Transaction ID: 6129117723830267",138b2f94-aabf-4d3d-b644-b75e1679c039,
Deposit,2021-01-27 18:33:15,,,,,,,,,50.00,,,50.00,,,"Transaction ID: 4636117723941800",b3902648-ccd6-4f58-bc3e-c55e6ef45d7f,
Market buy,2021-01-27 18:34:17,US0079031078,AMD,"Advanced Micro Devices",0.2500000000,91.17,USD,1.21151,,18.81,,,,,,,EOF909657146,
Market buy,2021-01-27 19:14:04,US0272631021,AMLM,"American Lithium Minerals",10.0000000000,0.95,USD,1.21140,,7.84,,,,,,,EOF910801830,
Market buy,2021-01-28 08:00:25,DE0005557508,DTE,"Deutsche Telekom",1.0000000000,15.08,EUR,1.00000,,15.08,,,,,,,EOF916091099,
Market buy,2021-01-28 09:40:00,GB0009895292,AZN,"AstraZeneca",0.1100000000,7598.00,GBX,88.81110,,9.46,,,,,0.05,,EOF916125394,
Market buy,2021-01-28 14:30:40,US70450Y1038,PYPL,"PayPal",0.1000000000,235.42,USD,1.21234,,19.42,,,,,,,EOF919262557,
Market buy,2021-01-28 14:36:27,US88160R1014,TSLA,"Tesla",0.0400000000,814.36,USD,1.21316,,26.85,,,,,,,EOF920216031,
Market sell,2021-02-01 10:05:56,GB0009895292,AZN,"AstraZeneca",0.2400000000,7489.00,GBX,88.11820,0.23,20.40,,,,,,,EOF942113808,
Market buy,2021-02-01 10:07:03,GB0009895292,AZN,"AstraZeneca",0.2500000000,7488.00,GBX,88.08409,,21.36,,,,,0.11,,EOF942113897,
Deposit,2021-02-01 10:27:25,,,,,,,,,5.00,,,5.00,,,"Transaction ID: 1756121752446855",c2b98f9b-916b-4e8e-994f-fab75967139c,
Market buy,2021-02-01 14:30:10,US6549022043,NOK,"Nokia ADR",1.1200000000,4.98,USD,1.20970,,4.61,,,,,,,EOF943150404,
Market sell,2021-02-01 19:07:10,US88160R1014,TSLA,"Tesla",0.1020000000,834.16,USD,1.20702,0.49,70.49,,,,,,,EOF952034344,
Market buy,2021-02-02 14:49:52,US7170811035,PFE,"Pfizer",0.4000000000,34.90,USD,1.20273,,11.61,,,,,,,EOF957982765,
Market buy,2021-02-02 14:53:34,CA86730L1094,SNDL,"Sundial Growers",10.5000000000,1.05,USD,1.20215,,9.17,,,,,,,EOF957989199,
Market buy,2021-02-02 15:13:52,US0464332073,ATROB,"Astronics",1.0000000000,12.47,USD,1.20290,,10.37,,,,,,,EOF958022780,
Market buy,2021-02-02 17:09:29,AU0000069130,NAKD,"Naked Brand  ",9.0000000000,0.92,USD,1.20213,,6.87,,,,,,,EOF961756958,
Market buy,2021-02-02 19:16:20,US00165C1045,AMC,"AMC Entertainment Holdings",1.2000000000,7.85,USD,1.20173,,7.84,,,,,,,EOF963164068,
Market buy,2021-02-03 13:04:37,US42226N1090,HCMC,"Healthier Choices Management",2500.0000000000,0.00,USD,1.20120,,3.33,,,,,,,EOF965408299,
Market buy,2021-02-03 14:30:09,US4592001014,IBM,"IBM Corporation",0.2000000000,119.30,USD,1.20248,,19.84,,,,,,,EOF965420095,
Market buy,2021-02-03 14:30:13,CA86730L1094,SNDL,"Sundial Growers",4.3000000000,1.19,USD,1.20235,,4.26,,,,,,,EOF965421512,
Market sell,2021-02-03 14:31:05,CA86730L1094,SNDL,"Sundial Growers",1.0000000000,1.18,USD,1.20286,0.07,0.98,,,,,,,EOF966684308,
Deposit,2021-02-03 14:36:35,,,,,,,,,25.00,,,25.00,,,"Transaction ID: 4626123629943538",a4697623-5866-4482-a132-0225229835cf,
Deposit,2021-02-03 15:09:17,,,,,,,,,50.00,,,50.00,,,"Transaction ID: 1656123649555824",aedd3ea2-2410-4913-83c0-fb41912da437,
Market buy,2021-02-03 16:08:16,CA09228F1036,BB,"BlackBerry",1.3000000000,11.55,USD,1.20174,,12.49,,,,,,,EOF969899768,
Market buy,2021-02-03 17:49:01,US0272631021,AMLM,"American Lithium Minerals",20.0000000000,0.58,USD,1.20269,,9.64,,,,,,,EOF971357346,
Market buy,2021-02-03 20:31:28,CA86730L1094,SNDL,"Sundial Growers",25.0000000000,1.19,USD,1.20262,,24.74,,,,,,,EOF973487065,
Deposit,2021-02-04 06:41:57,,,,,,,,,25.00,,,25.00,,,"Transaction ID: 1829124209157771",a3a15419-1acf-4cf2-bfdd-93002521ad52,
Deposit,2021-02-04 09:08:43,,,,,,,,,350.00,,,350.00,,,"Transaction ID: 4546124297221774",18b64d6d-0367-4947-b6d9-93581fa0e032,
Market buy,2021-02-04 13:00:03,CA42981E1043,HITIF,"High Tide",20.0000000000,0.46,USD,1.19918,,7.67,,,,,,,EOF974548300,
Market buy,2021-02-04 14:30:12,US36467W1099,GME,"GameStop",0.5600000000,91.40,USD,1.19865,,42.70,,,,,,,EOF974562839,
Market buy,2021-02-04 14:30:13,US36467W1099,GME,"GameStop",3.1000000000,91.40,USD,1.19861,,236.39,,,,,,,EOF974563334,
Market buy,2021-02-04 19:00:48,US1891251076,CLWD,"CloudCommerce",300.0000000000,0.10,USD,1.19618,,24.33,,,,,,,EOF982136683,
Market buy,2021-02-05 08:23:17,GB00B0WD0R35,SOLG,"SolGold",10.5000000000,21.20,GBX,87.41006,,2.56,,,,,0.01,,EOF983323894,
Deposit,2021-02-05 09:09:21,,,,,,,,,100.00,,,100.00,,,"Transaction ID: 1539125161602960",3ec85556-a084-4b2d-8e7c-8b2717b8eb24,
Market buy,2021-02-05 10:41:14,GB0009895292,AZN,"AstraZeneca",0.3000000000,7344.00,GBX,87.44259,,25.33,,,,,0.13,,EOF984439995,
Market buy,2021-02-05 11:03:09,LU1377527517,SEN,"Senvion",6.4000000000,0.37,EUR,1.00000,,2.37,,,,,,,EOF984442013,
Market buy,2021-02-05 14:30:03,US7475251036,QCOM,"Qualcomm",0.1100000000,148.94,USD,1.20155,,13.64,,,,,,,EOF984465384,
Market buy,2021-02-05 14:30:06,US09071M2052,BLRX,"BioLine RX ",7.5000000000,3.40,USD,1.20141,,21.23,,,,,,,EOF984466467,
Market buy,2021-02-05 14:30:13,US92766K1060,SPCE,"Virgin Galactic",1.0000000000,55.20,USD,1.20144,,45.94,,,,,,,EOF984468612,
Market buy,2021-02-05 14:30:22,US7665596034,RIGL,"Rigel",7.0000000000,4.44,USD,1.20149,,25.87,,,,,,,EOF984472104,
Deposit,2021-02-05 14:31:17,,,,,,,,,200.00,,,200.00,,,"Transaction ID: 4746125354769777",1629ea58-7ad6-4bea-b24e-70bcd858981b,
Market buy,2021-02-05 14:34:01,US88160R1014,TSLA,"Tesla",0.3300000000,842.02,USD,1.20131,,231.30,,,,,,,EOF987493655,
Market buy,2021-02-05 20:05:43,US42226N1090,HCMC,"Healthier Choices Management",10500.0000000000,0.00,USD,1.20396,,14.82,,,,,,,EOF994182785,
Deposit,2021-02-06 08:00:39,,,,,,,,,25.00,,,25.00,,,"Transaction ID: 1649125984376773",c964f436-4b9e-46b3-a3cc-62acc439c52e,
Deposit,2021-02-06 22:29:53,,,,,,,,,25.00,,,25.00,,,"Transaction ID: 4736126505924370",135d59f0-342a-48de-b1f1-c3dfbd760dae,
Deposit,2021-02-07 18:30:48,,,,,,,,,25.00,,,25.00,,,"Transaction ID: 1729127226469666",53147fd7-8bb7-40f1-952b-a6236c169a7d,
Deposit,2021-02-08 06:58:21,,,,,,,,,20.00,,,20.00,,,"Transaction ID: 1356127675007694",3b2b050c-0ef5-455d-84c0-f362be1c18ab,
Deposit,2021-02-08 07:02:52,,,,,,,,,5.00,,,5.00,,,"Transaction ID: 4536127677711456",9c5e31fa-1fbc-49a4-ae1c-b2c1d73a817f,
Market buy,2021-02-08 08:01:18,DE0007472060,WDI,"Wirecard",20.0000000000,0.48,EUR,1.00000,,9.60,,,,,,,EOF995609676,
Market buy,2021-02-08 13:00:06,CA42981E1043,HITIF,"High Tide",40.0000000000,0.66,USD,1.20256,,21.95,,,,,,,EOF996947081,
Market buy,2021-02-08 13:00:07,CA37958K1093,REZZF,"Global Battery Metals",10.0000000000,0.86,USD,1.20256,,7.15,,,,,,,EOF996947097,
Market buy,2021-02-08 13:01:47,US02451V1017,ABML,"American Battery Metals",4.0000000000,3.94,USD,1.20254,,13.11,,,,,,,EOF996947385,
Market buy,2021-02-08 14:21:40,US15672M1062,CBBT,"Cerebain Biotech",30.0000000000,0.24,USD,1.20439,,5.98,,,,,,,EOF996961118,
Market buy,2021-02-08 14:22:51,US89388L1089,TLSS,"Transportation and Logistics Systems",500.0000000000,0.06,USD,1.20419,,26.82,,,,,,,EOF996961451,
Market buy,2021-02-08 14:28:59,LU1377527517,SEN,"Senvion",5.0000000000,0.64,EUR,1.00000,,3.20,,,,,,,EOF996963266,
Market buy,2021-02-08 14:31:09,CA86730L1094,SNDL,"Sundial Growers",5.0000000000,1.16,USD,1.20469,,4.81,,,,,,,EOF996980167,
Deposit,2021-02-08 14:36:04,,,,,,,,,2.00,,,2.00,,,"Transaction ID: 6159127949637332",99b79ef8-97e0-4f00-93da-21cda18d46e2,
Market buy,2021-02-08 14:36:51,US42226N1090,HCMC,"Healthier Choices Management",9000.0000000000,0.00,USD,1.20558,,14.18,,,,,,,EOF999668958,
Deposit,2021-02-08 19:12:37,,,,,,,,,70.00,,,70.00,,,"Transaction ID: 4756128115561894",51b0d4be-8416-4a61-ad22-50725d83ea2f,
Market buy,2021-02-08 19:13:34,US36320A1043,GAXY,"Galaxy Next Generation",1000.0000000000,0.05,USD,1.20493,,40.67,,,,,,,EOF1006495962,
Market buy,2021-02-08 19:28:56,US1891251076,CLWD,"CloudCommerce",105.0000000000,0.10,USD,1.20496,,8.71,,,,,,,EOF1006505383,
Market buy,2021-02-09 08:10:26,LU1377527517,SEN,"Senvion",10.5000000000,0.68,EUR,1.00000,,7.14,,,,,,,EOF1009340808,
Market buy,2021-02-09 15:32:22,US49834X2053,KWBT,"Kiwa Bio-Tech Products",249.0000000000,0.08,USD,1.20948,,16.26,,,,,,,EOF1013326169,
Deposit,2021-02-09 15:54:21,,,,,,,,,30.00,,,30.00,,,"Transaction ID: 1749128860608813",4aea8641-84b5-44be-aa63-9af928f66e29,
Market buy,2021-02-09 15:55:22,US49834X2053,KWBT,"Kiwa Bio-Tech Products",450.0000000000,0.07,USD,1.20950,,25.93,,,,,,,EOF1014550029,
Deposit,2021-02-09 19:31:37,,,,,,,,,1.00,,,1.00,,,"Transaction ID: 1546128990956939",21c9dae9-ed4a-4489-8a32-807640f778a1,
Deposit,2021-02-09 19:31:51,,,,,,,,,75.00,,,75.00,,,"Transaction ID: 4346128991095956",95dd88fb-6ce3-4176-8d23-baec5a19be3b,
Market buy,2021-02-09 19:33:24,US42226N1090,HCMC,"Healthier Choices Management",18000.0000000000,0.00,USD,1.21130,,53.49,,,,,,,EOF1017988724,
Market buy,2021-02-09 19:34:17,CA42981E1043,HITIF,"High Tide",40.5000000000,0.76,USD,1.21155,,25.54,,,,,,,EOF1017989200,
Deposit,2021-02-10 07:00:42,,,,,,,,,20.00,,,20.00,,,"Transaction ID: 6139129404408881",f86fcb76-2a31-4314-90b6-4b5ad6cb758f,
Deposit,2021-02-10 07:02:10,,,,,,,,,3.00,,,3.00,,,"Transaction ID: 4726129405297501",78ee9024-a7d9-4485-bf3e-9f9d3894a33b,
Market buy,2021-02-10 14:32:07,US49834X2053,KWBT,"Kiwa Bio-Tech Products",370.0000000000,0.08,USD,1.21310,,24.10,,,,,,,EOF1022891152,
Deposit,2021-02-10 14:44:02,,,,,,,,,100.00,,,100.00,,,"Transaction ID: 1846129682419886",f2110eca-429d-40ab-a1f2-99b3c8c310f9,
Market buy,2021-02-10 14:54:03,US46265G1076,IQST,"iQSTEL",115.0000000000,0.88,USD,1.21255,,82.99,,,,,,,EOF1023946056,
Market buy,2021-02-10 16:45:11,US46265G1076,IQST,"iQSTEL",20.0000000000,0.82,USD,1.21282,,13.52,,,,,,,EOF1027683463,
Deposit,2021-02-10 20:28:10,,,,,,,,,100.00,,,100.00,,,"Transaction ID: 1349129888898885",afb7ddef-86f0-432a-aab8-7caf2f863dcb,
Market buy,2021-02-10 20:29:02,US06684B2043,BANT,"Bantec",1040.0000000000,0.07,USD,1.21257,,58.32,,,,,,,EOF1029748330,
Market buy,2021-02-10 20:32:46,US46265G1076,IQST,"iQSTEL",40.0000000000,0.77,USD,1.21231,,25.41,,,,,,,EOF1029750717,
Market buy,2021-02-11 14:38:55,US49834X2053,KWBT,"Kiwa Bio-Tech Products",300.0000000000,0.06,USD,1.21420,,15.86,,,,,,,EOF1033236498,
Market buy,2021-02-12 19:28:11,CA42981E1043,HITIF,"High Tide",10.0000000000,0.63,USD,1.21177,,5.20,,,,,,,EOF1045820871,
Deposit,2021-02-16 10:33:51,,,,,,,,,15.00,,,15.00,,,"Transaction ID: 1839134716300341",81ff17ef-ab72-4e15-976e-887da1a7daf9,
Market buy,2021-02-16 13:44:02,US55302P2020,MGTI,"MGT Capital Investments",80.0000000000,0.18,USD,1.21160,,11.75,,,,,,,EOF1049626545,
Deposit,2021-02-17 08:07:54,,,,,,,,,10.00,,,10.00,,,"Transaction ID: 1626135492730541",e32e2568-34eb-4d15-8ce4-98dfe74172ae,
Market buy,2021-02-17 13:03:40,US06684B2043,BANT,"Bantec",300.0000000000,0.04,USD,1.20609,,9.90,,,,,,,EOF1062897173,
Deposit,2021-02-19 15:31:24,,,,,,,,,10.00,,,10.00,,,"Transaction ID: 1756137486833689",6ff89e04-5294-48a6-a170-5fd382e878ed,
Market buy,2021-02-19 15:32:02,CA42981E1043,HITIF,"High Tide",20.0000000000,0.57,USD,1.21295,,9.42,,,,,,,EOF1085847715,
Deposit,2021-02-19 15:33:25,,,,,,,,,3.00,,,3.00,,,"Transaction ID: 1846137488041416",5de81acb-f576-44c3-8485-8c28adf7fc0d,
Market buy,2021-02-19 15:39:38,US49834X2053,KWBT,"Kiwa Bio-Tech Products",120.0000000000,0.05,USD,1.21262,,5.39,,,,,,,EOF1085851979,
Market sell,2021-02-22 19:03:33,US46265G1076,IQST,"iQSTEL",72.0000000000,1.85,USD,1.21678,59.31,109.47,,,,,,,EOF1096837983,
Market buy,2021-02-22 19:08:44,CA42981E1043,HITIF,"High Tide",22.5000000000,0.57,USD,1.21646,,10.54,,,,,,,EOF1096840274,
Withdrawal,2021-02-23 11:34:01,,,,,,,,,100.00,,,,,,"Sent to card *6145",864e2f53-04cd-41cf-95aa-cea3e6d7252b,
Deposit,2021-02-25 08:50:44,,,,,,,,,100.00,,,100.00,,,"Transaction ID: 1859142430430992",5fbe2787-da8e-4fed-a988-cd3b120402d4,
Market buy,2021-02-25 14:30:12,US3789734080,GSAT,"Globalstar ",12.0000000000,1.95,USD,1.22241,,19.14,,,,,,,EOF1112486710,
Market buy,2021-02-25 14:30:18,IL0010851660,CRNT,"Ceragon Networks",20.0000000000,4.77,USD,1.22237,,78.05,,,,,,,EOF1112490531,
Market sell,2021-02-25 14:39:12,US36467W1099,GME,"GameStop",3.6600000000,143.44,USD,1.22283,150.23,429.32,,,,,,,EOF1112517411,
Market buy,2021-02-25 15:18:14,IE00B1XNHC34,INRG,"iShares Global Clean Energy",3.0000000000,1069.00,GBX,86.33890,,37.14,,,,,,,EOF1113561253,
Market buy,2021-02-25 15:22:22,US92766K1060,SPCE,"Virgin Galactic",2.0000000000,46.43,USD,1.22325,,75.91,,,,,,,EOF1113564435,
Market buy,2021-02-25 16:10:56,US87968A1043,TELL,"Tellurian",40.0000000000,3.08,USD,1.22184,,100.83,,,,,,,EOF1114745626,
Withdrawal,2021-02-25 16:14:00,,,,,,,,,200.00,,,,,,"Sent to card *6145",e7764b25-64c3-41c2-908e-6189566a9282,
Market buy,2021-02-26 08:26:07,CH0100191136,RLF,"Relief Therapeutics",40.0000000000,0.32,CHF,1.09905,,11.79,,,,,,,EOF1117655286,
Deposit,2021-02-26 17:28:38,,,,,,,,,10.00,,,10.00,,,"Transaction ID: 4736143605176801",6e4191fb-5fb4-4ad9-bac7-c6ddfc2b88dd,
Market buy,2021-02-26 17:33:49,US42226N1090,HCMC,"Healthier Choices Management",10000.0000000000,0.00,USD,1.20772,,16.56,,,,,,,EOF1120728392,
Deposit,2021-03-01 19:32:34,,,,,,,,,100.00,,,100.00,,,"Transaction ID: 6139146271527726",f7e1c2cd-163e-4f74-83eb-87461d615568,
Market buy,2021-03-01 19:35:29,US88338N1072,TXMD,"TherapeuticsMD",65.0000000000,1.48,USD,1.20407,,79.90,,,,,,,EOF1129489053,
Market buy,2021-03-01 19:46:18,US88338N1072,TXMD,"TherapeuticsMD",15.0000000000,1.49,USD,1.20416,,18.56,,,,,,,EOF1129491254,
Deposit,2021-03-02 16:15:04,,,,,,,,,10.00,,,10.00,,,"Transaction ID: 6539147017039113",9a4f3f0f-4415-4d2e-98bb-c4fe9e592ed7,
Market buy,2021-03-02 18:39:41,US02451V1017,ABML,"American Battery Metals",4.3000000000,2.68,USD,1.20844,,9.54,,,,,,,EOF1133835655,
Deposit,2021-03-03 19:25:47,,,,,,,,,10.00,,,10.00,,,"Transaction ID: 4856147995462295",dcca1667-3e38-4b1c-a31e-cf9b64f38012,
Market buy,2021-03-03 19:26:22,CA42981E1043,HITIF,"High Tide",20.0000000000,0.63,USD,1.20658,,10.51,,,,,,,EOF1137882046,
Deposit,2021-03-04 15:12:35,,,,,,,,,200.00,,,200.00,,,"Transaction ID: 1856148707546645",8d83be66-99a9-4327-a1c5-fb5758809a8e,
Market buy,2021-03-04 15:12:50,US92766K1060,SPCE,"Virgin Galactic",4.0000000000,29.20,USD,1.20308,,97.08,,,,,,,EOF1141118888,
Market buy,2021-03-04 15:14:02,CA86730L1094,SNDL,"Sundial Growers",20.0000000000,1.14,USD,1.20323,,18.95,,,,,,,EOF1141120092,
Market buy,2021-03-04 15:15:53,US46265G1076,IQST,"iQSTEL",80.0000000000,0.87,USD,1.20325,,57.92,,,,,,,EOF1141122565,
Market buy,2021-03-04 15:16:59,US88338N1072,TXMD,"TherapeuticsMD",20.0000000000,1.30,USD,1.20316,,21.61,,,,,,,EOF1141123726,
Market buy,2021-03-04 15:24:01,CA42981E1043,HITIF,"High Tide",12.0000000000,0.56,USD,1.20243,,5.62,,,,,,,EOF1141130761,
Deposit,2021-03-04 20:40:25,,,,,,,,,25.00,,,25.00,,,"Transaction ID: 1346148904230595",33a4d47e-cc46-49a7-94e7-1a3f6a3fae21,
Market buy,2021-03-04 20:41:36,CA43366H1001,HVBTF,"HIVE Blockchain",7.8000000000,3.54,USD,1.19682,,23.07,,,,,,,EOF1144270576,
Deposit,2021-03-04 20:42:55,,,,,,,,,50.00,,,50.00,,,"Transaction ID: 1856148905741519",7b2d479c-7fff-46d6-9ded-9456af99b52a,
Market buy,2021-03-04 20:43:35,US62914V1061,NIO,"NIO Inc",1.2500000000,39.37,USD,1.19677,,41.12,,,,,,,EOF1144271350,
Market buy,2021-03-05 08:23:18,IE00B1XNHC34,INRG,"iShares Global Clean Energy",1.0000000000,948.75,GBX,86.09239,,11.02,,,,,,,EOF1145091450,
Deposit,2021-03-05 08:25:19,,,,,,,,,10.00,,,10.07,0.07,,"Transaction ID: 1736149327181058",654a11dc-d4c3-4945-81fa-233099188a10,
Market buy,2021-03-05 08:25:53,IE00B1XNHC34,INRG,"iShares Global Clean Energy",0.8600000000,946.00,GBX,86.07639,,9.45,,,,,,,EOF1145091810,
Deposit,2021-03-05 19:18:47,,,,,,,,,3.00,,,3.03,0.03,,"Transaction ID: 4336149719262498",efa56037-1838-47da-b7a3-bc4a8465a8f9,
Deposit,2021-03-08 10:04:02,,,,,,,,,200.00,,,201.40,1.40,,"Transaction ID: 4336151978410503",f6179d8f-307e-4c89-9f34-824fc28d7d05,
Market buy,2021-03-08 15:53:23,CA86730L1094,SNDL,"Sundial Growers",110.5000000000,1.20,USD,1.18591,,111.81,,,,,,,EOF1155482464,
Market buy,2021-03-08 15:56:32,CA86730L1094,SNDL,"Sundial Growers",45.0000000000,1.19,USD,1.18577,,45.16,,,,,,,EOF1155484064,
Market buy,2021-03-08 16:06:19,US42226N1090,HCMC,"Healthier Choices Management",12000.0000000000,0.00,USD,1.18601,,19.23,,,,,,,EOF1155489829,
Market buy,2021-03-08 16:49:23,CA86730L1094,SNDL,"Sundial Growers",20.0000000000,1.16,USD,1.18488,,19.58,,,,,,,EOF1155512162,
Market buy,2021-03-08 19:48:36,CA86730L1094,SNDL,"Sundial Growers",7.3000000000,1.14,USD,1.18555,,7.02,,,,,,,EOF1156825413,
Deposit,2021-03-10 17:40:53,,,,,,,,,1000.00,,,1007.00,7.00,,"Transaction ID: 4826153980522645",c9d17e79-66f5-47b3-b89e-2a1ae8e8553f,
Market buy,2021-03-10 18:27:34,US88160R1014,TSLA,"Tesla",1.5000000000,668.32,USD,1.19161,,841.28,,,,,,,EOF1170049475,
Market buy,2021-03-10 18:32:36,US02451V1017,ABML,"American Battery Metals",10.0000000000,1.95,USD,1.19134,,16.37,,,,,,,EOF1170051310,
Market buy,2021-03-10 18:52:39,CA42981E1043,HITIF,"High Tide",30.0000000000,0.54,USD,1.19086,,13.67,,,,,,,EOF1170060413,
Market buy,2021-03-10 19:21:30,US02083E1055,ALPP,"Alpine 4",34.0000000000,4.19,USD,1.19191,,119.52,,,,,,,EOF1170067268,
Deposit,2021-03-11 08:38:01,,,,,,,,,450.00,,,453.15,3.15,,"Transaction ID: 6259154518804480",5db6caa9-6815-4f6d-a2bd-37b445906046,
Market buy,2021-03-11 08:45:37,GB00B63H8491,RR,"Rolls-Royce Holdings",60.0000000000,114.30,GBX,85.77552,,80.35,,,,,0.40,,EOF1171056773,
Market sell,2021-03-11 16:25:04,CA43366H1001,HVBTF,"HIVE Blockchain",7.8000000000,4.02,USD,1.19669,3.13,26.20,,,,,,,EOF1178361618,
Market buy,2021-03-11 18:04:46,US22266T1097,CPNG,"Coupang",8.0000000000,55.17,USD,1.19860,,368.23,,,,,,,EOF1179742193,
Deposit,2021-03-11 18:20:47,,,,,,,,,30.00,,,30.21,0.21,,"Transaction ID: 1729154868466271",6bd4948b-2861-4be6-bbc1-c1d6c9c27e4d,
Market buy,2021-03-11 18:22:34,US22266T1097,CPNG,"Coupang",1.0500000000,52.50,USD,1.19766,,46.03,,,,,,,EOF1179746878,
Market buy,2021-03-11 19:51:05,US86882L1052,SURG,"SurgePays",96.0000000000,0.27,USD,1.19786,,21.55,,,,,,,EOF1179769594,
Deposit,2021-03-12 14:53:14,,,,,,,,,100.00,,,100.70,0.70,,"Transaction ID: 4656155607935774",5664decb-5847-446e-8921-91f9856c1afe,
Market buy,2021-03-12 15:08:59,CA42981E1043,HITIF,"High Tide",20.0000000000,0.60,USD,1.19273,,10.01,,,,,,,EOF1182179805,
Market buy,2021-03-12 16:35:30,VGG7223M1005,PREM,"Premier African Minerals",25000.0000000000,0.28,GBX,85.86323,,81.53,,,,,,,EOF1185571822,
Market sell,2021-03-12 20:38:13,US00165C1045,AMC,"AMC Entertainment Holdings",1.2000000000,11.21,USD,1.19588,3.41,11.25,,,,,,,EOF1186975749,
Market sell,2021-03-12 20:43:29,US1912161007,KO,"Coca-Cola",0.4500000000,50.34,USD,1.19600,0.33,18.94,,,,,,,EOF1186977301,
Market buy,2021-03-12 20:50:00,US16077A1016,CHUC,"Charlie's Holdings",4300.0000000000,0.01,USD,1.19585,,35.24,,,,,,,EOF1186978889,
Market sell,2021-03-12 20:51:45,US0464332073,ATROB,"Astronics",1.0000000000,18.43,USD,1.19612,5.04,15.41,,,,,,,EOF1186979411,
Market buy,2021-03-12 20:57:50,US92828G1013,VTLR,"VirtualArmour",180.0000000000,0.11,USD,1.19576,,17.03,,,,,,,EOF1186981372,
Market sell,2021-03-15 09:43:07,GB0009895292,AZN,"AstraZeneca",0.5500000000,6951.00,GBX,85.60580,-1.79,44.66,,,,,,,EOF1189009885,
Market buy,2021-03-15 09:43:44,GB00BVFD4645,HSS,"HSS Hire Group",126.0000000000,14.30,GBX,85.56674,,21.17,,,,,0.11,,EOF1189009908,
Market buy,2021-03-15 13:30:09,US3789734080,GSAT,"Globalstar ",17.0000000000,1.63,USD,1.19197,,23.25,,,,,,,EOF1189027660,
Market buy,2021-03-16 08:56:58,GB00BH3X7Y70,KOD,"Kodal Minerals",1500.0000000000,0.16,GBX,86.20689,,2.78,,,,,,,EOF1197359301,
Deposit,2021-03-16 09:38:53,,,,,,,,,15.00,,,15.11,0.11,,"Transaction ID: 1529158875326040",53f2d4ec-a1e1-476a-b302-628af9d93da2,
Market buy,2021-03-16 09:39:22,GB00B15XDH89,GGP,"Greatland Gold",50.0000000000,22.00,GBX,86.32766,,12.74,,,,,,,EOF1197363001,
Market buy,2021-03-16 09:56:04,GB00BH3X7Y70,KOD,"Kodal Minerals",1500.0000000000,0.14,GBX,86.31319,,2.43,,,,,,,EOF1197364255,
Market sell,2021-03-16 14:00:49,US46265G1076,IQST,"iQSTEL",183.0000000000,1.07,USD,1.19059,34.78,164.46,,,,,,,EOF1202275474,
Market sell,2021-03-16 14:33:23,CA86730L1094,SNDL,"Sundial Growers",100.0000000000,1.64,USD,1.19112,38.50,137.68,,,,,,,EOF1202293511,
Market sell,2021-03-16 14:39:03,US62914V1061,NIO,"NIO Inc",1.2500000000,45.17,USD,1.19068,6.30,47.42,,,,,,,EOF1202296505,
Withdrawal,2021-03-16 14:47:00,,,,,,,,,300.00,,,,,,"Sent to card *6145",00ccd5ae-987b-42fd-9efe-737c9893b6af,
Market buy,2021-03-16 14:52:35,US8051111016,SVRA,"Savara ",20.0000000000,2.48,USD,1.19046,,41.66,,,,,,,EOF1202303088,
Dividend (Ordinary),2021-03-16 15:07:26,US4592001014,IBM,"IBM Corporation",0.2000000000,1.39,USD,Not available,,0.23,0.05,USD,,,,,,
Market buy,2021-03-16 17:09:04,US8785202040,TCLRY,"Technicolor",46.0000000000,0.17,USD,1.19006,,6.48,,,,,,,EOF1203554885,
Deposit,2021-03-17 09:30:02,,,,,,,,,15.00,,,15.11,0.11,,"Transaction ID: 4546159734002890",d2283b93-3823-4ea0-9d4c-524bd5f39704,
Market buy,2021-03-17 09:30:51,GB00BK7YQK64,HMSO,"Hammerson",33.0000000000,39.53,GBX,85.65862,,15.31,,,,,0.08,,EOF1206166892,
Market sell,2021-03-17 12:56:06,VGG7223M1005,PREM,"Premier African Minerals",4000.0000000000,0.32,GBX,85.67603,1.90,14.94,,,,,,,EOF1206179257,
Market buy,2021-03-17 12:56:39,XS2193972671,3STS,"-3x Short Tesla GraniteShares",2300.0000000000,0.01,USD,1.19066,,14.29,,,,,,,EOF1206179295,
Market sell,2021-03-18 14:23:30,US88338N1072,TXMD,"TherapeuticsMD",40.0000000000,1.62,USD,1.19188,6.34,54.37,,,,,,,EOF1211258960,
Market buy,2021-03-18 14:25:09,US64052L1061,NEOS,"Neos Therapeutics ",40.0000000000,1.38,USD,1.19127,,46.34,,,,,,,EOF1211259770,
Market sell,2021-03-18 14:25:32,CA42981E1043,HITIF,"High Tide",55.0000000000,0.63,USD,1.19165,0.82,28.94,,,,,,,EOF1211259945,
Market sell,2021-03-18 16:33:47,CA42981E1043,HITIF,"High Tide",180.0000000000,0.63,USD,1.19321,3.04,95.05,,,,,,,EOF1212755935,
Market buy,2021-03-18 17:04:09,US64052L1061,NEOS,"Neos Therapeutics ",28.0000000000,1.27,USD,1.19166,,29.84,,,,,,,EOF1212764568,
Market buy,2021-03-18 19:02:30,CA40638K1012,HCANF,"Halo Collective",100.0000000000,0.09,USD,1.19119,,7.97,,,,,,,EOF1213943190,
Market buy,2021-03-19 08:40:05,GB00B15FWH70,CINE,"Cineworld Group",50.0000000000,123.30,GBX,85.51092,,72.46,,,,,0.36,,EOF1215033413,
Market buy,2021-03-19 08:41:28,GB0009895292,AZN,"AstraZeneca",0.2600000000,7111.00,GBX,85.51210,,21.73,,,,,0.11,,EOF1215033561,
Market sell,2021-03-19 14:01:39,XS2193972671,3STS,"-3x Short Tesla GraniteShares",2300.0000000000,0.01,USD,1.18821,0.23,14.52,,,,,,,EOF1215888825,
Market buy,2021-03-19 14:07:11,GB0009895292,AZN,"AstraZeneca",0.1900000000,7081.00,GBX,85.84079,,15.75,,,,,0.08,,EOF1215891475,
Market sell,2021-03-19 16:01:53,GB00BVFD4645,HSS,"HSS Hire Group",126.0000000000,15.10,GBX,85.85789,1.10,22.16,,,,,,,EOF1217080097,
Market buy,2021-03-19 16:03:22,IE00B1XNHC34,INRG,"iShares Global Clean Energy",1.9400000000,962.75,GBX,85.82280,,21.76,,,,,,,EOF1217080388,
Market sell,2021-03-19 16:19:00,GB00B63H8491,RR,"Rolls-Royce Holdings",60.0000000000,117.65,GBX,85.84821,2.28,82.23,,,,,,,EOF1217084160,
Market buy,2021-03-19 16:22:36,US91823B1098,UWMC,"UWM Holdings",10.0000000000,9.11,USD,1.19029,,76.54,,,,,,,EOF1217084926,
Market buy,2021-03-22 08:38:19,GB00B15FWH70,CINE,"Cineworld Group",4.8000000000,115.25,GBX,85.81099,,6.48,,,,,0.03,,EOF1219386444,
Market sell,2021-03-23 11:33:00,GB00B0WD0R35,SOLG,"SolGold",10.5000000000,21.65,GBX,86.21616,0.09,2.64,,,,,,,EOF1224070907,
Deposit,2021-03-23 11:35:53,,,,,,,,,10.00,,,10.07,0.07,,"Transaction ID: 4736164993520368",511e7636-465a-46a6-9dfe-f90994f37ed9,
Deposit,2021-03-23 11:38:46,,,,,,,,,5.00,,,5.04,0.04,,"Transaction ID: 1539164995256891",91f4c054-0db0-4e3e-8bb8-460a51178c17,
Market buy,2021-03-23 11:39:29,GB00B63H8491,RR,"Rolls-Royce Holdings",10.0000000000,107.90,GBX,86.18128,,12.58,,,,,0.06,,EOF1224071359,
Market sell,2021-03-23 13:43:08,US86882L1052,SURG,"SurgePays",40.0000000000,0.54,USD,1.18797,9.24,18.22,,,,,,,EOF1224096824,
Market sell,2021-03-23 14:49:27,US88338N1072,TXMD,"TherapeuticsMD",15.0000000000,1.51,USD,1.18706,1.07,19.08,,,,,,,EOF1225181224,
Market buy,2021-03-23 14:52:03,US62914V1061,NIO,"NIO Inc",1.1000000000,42.17,USD,1.18688,,39.08,,,,,,,EOF1225182201,
Market sell,2021-03-23 15:50:07,US64052L1061,NEOS,"Neos Therapeutics ",68.0000000000,0.90,USD,1.18672,-24.74,51.44,,,,,,,EOF1225198167,
Market buy,2021-03-23 17:37:35,US62914V1061,NIO,"NIO Inc",1.4000000000,41.98,USD,1.18564,,49.57,,,,,,,EOF1226269106,
Market buy,2021-03-24 08:49:12,GB00B15FWH70,CINE,"Cineworld Group",2.0000000000,98.88,GBX,86.33379,,2.30,,,,,0.01,,EOF1226311372,
Market sell,2021-03-24 14:26:46,US86882L1052,SURG,"SurgePays",56.0000000000,0.27,USD,1.18200,0.27,12.84,,,,,,,EOF1228373734,
Market buy,2021-03-24 14:33:15,CA42981E1043,HITIF,"High Tide",10.0000000000,0.72,USD,1.18180,,6.06,,,,,,,EOF1228376794,
Market buy,2021-03-24 14:34:31,GB00B15FWH70,CINE,"Cineworld Group",6.0000000000,104.75,GBX,86.25502,,7.33,,,,,0.04,,EOF1228377375,
Deposit,2021-03-24 14:51:11,,,,,,,,,25.00,,,25.18,0.18,,"Transaction ID: 1659165974692463",c51a29f1-1f5e-4994-b061-c6f7998d38c5,
Market buy,2021-03-24 14:51:44,FR0010478248,ATA,"Atari",20.0000000000,0.71,EUR,1.00000,,14.12,,,,,,,EOF1228384497,
Market buy,2021-03-24 17:59:56,CA42981E1043,HITIF,"High Tide",10.0000000000,0.69,USD,1.18261,,5.80,,,,,,,EOF1229540828,
Market buy,2021-03-24 18:01:39,US88338N1072,TXMD,"TherapeuticsMD",6.0000000000,1.39,USD,1.18251,,7.05,,,,,,,EOF1229541419,
Deposit,2021-03-24 18:04:16,,,,,,,,,50.00,,,50.35,0.35,,"Transaction ID: 6159166090549326",2077b417-8b47-4a92-adfe-f92b0d7ef1ac,
Market buy,2021-03-24 18:05:04,US62914V1061,NIO,"NIO Inc",1.4500000000,37.52,USD,1.18253,,46.01,,,,,,,EOF1229542087,
Market buy,2021-03-24 19:44:39,CA86730L1094,SNDL,"Sundial Growers",2.5000000000,1.15,USD,1.18171,,2.43,,,,,,,EOF1230617478,
Market buy,2021-03-24 19:46:36,CA42981E1043,HITIF,"High Tide",3.0000000000,0.67,USD,1.18178,,1.70,,,,,,,EOF1230618241,
Deposit,2021-03-26 08:28:49,,,,,,,,,10.00,,,10.07,0.07,,"Transaction ID: 1559167473284322",10ce6ff5-f078-4d59-841e-56ec13614dec,
Market buy,2021-03-26 08:29:11,FR0010478248,ATA,"Atari",15.0000000000,0.67,EUR,1.00000,,10.08,,,,,,,EOF1233607305,
Dividend (Ordinary),2021-03-29 11:36:44,US7475251036,QCOM,"Qualcomm",0.1100000000,0.55,USD,Not available,,0.05,0.01,USD,,,,,,
Market sell,2021-03-29 13:50:27,US7170811035,PFE,"Pfizer",0.4000000000,36.11,USD,1.17834,0.65,12.26,,,,,,,EOF1240293352,
Market buy,2021-03-29 13:51:08,US16941T1043,CPHI,"China Pharma Holdings",5.0000000000,1.19,USD,1.17790,,5.05,,,,,,,EOF1240293767,
Market buy,2021-03-29 13:57:10,CA42981E1043,HITIF,"High Tide",10.0000000000,0.68,USD,1.17738,,5.80,,,,,,,EOF1240297557,
Market sell,2021-03-31 14:28:46,GB0009895292,AZN,"AstraZeneca",0.4500000000,7249.00,GBX,85.15329,1.02,38.31,,,,,,,EOF1245314150,
Market buy,2021-03-31 14:30:27,CA42981E1043,HITIF,"High Tide",60.0000000000,0.68,USD,1.17437,,34.77,,,,,,,EOF1245314594,
Market buy,2021-03-31 14:33:58,US88338N1072,TXMD,"TherapeuticsMD",3.0000000000,1.36,USD,1.17433,,3.47,,,,,,,EOF1245316183,
Dividend (Ordinary),2021-04-01 12:59:29,GB0009895292,AZN,"AstraZeneca",0.5500000000,137.40,GBX,Not available,,0.89,0.00,GBX,,,,,,
Market sell,2021-04-01 17:59:29,US02083E1055,ALPP,"Alpine 4",10.0000000000,4.24,USD,1.17743,0.86,36.01,,,,,,,EOF1250854102,
Market buy,2021-04-01 18:04:40,CA42981E1043,HITIF,"High Tide",7.0000000000,0.67,USD,1.17698,,3.98,,,,,,,EOF1250854709,
Market buy,2021-04-05 13:50:38,MHY1146L1092,CTRM,"Castor Maritime ",30.0000000000,0.57,USD,1.17911,,14.60,,,,,,,EOF1254909930,0.02
Market buy,2021-04-05 14:00:52,MHY1146L1092,CTRM,"Castor Maritime ",36.0000000000,0.59,USD,1.17959,,17.95,,,,,,,EOF1254913668,0.03
Market sell,2021-04-06 07:29:47,FR0010478248,ATA,"Atari",35.0000000000,0.84,EUR,1.00000,5.13,29.33,,,,,,,EOF1258827855,
Market buy,2021-04-06 07:38:09,GB0009895292,AZN,"AstraZeneca",0.3400000000,7120.00,GBX,85.07950,,28.63,,,,,0.14,,EOF1258829156,0.04
Deposit,2021-04-06 09:25:58,,,,,,,,,5.00,,,5.04,0.04,,"Transaction ID: 4726177011575653",97aba52f-5aba-460a-923f-e226aa5566b9,
Deposit,2021-04-06 09:30:16,,,,,,,,,60.00,,,60.42,0.42,,"Transaction ID: 1336177014155972",428e915d-addc-4083-84c7-c2c8674227da,
Market buy,2021-04-06 09:46:14,US36467W1099,GS2C,"GameStop",0.2000000000,157.20,EUR,1.00000,,31.44,,,,,,,EOF1258841390,
Dividend (Ordinary),2021-04-06 13:06:33,US1912161007,KO,"Coca-Cola",0.4500000000,0.36,USD,Not available,,0.14,0.03,USD,,,,,,
Market buy,2021-04-07 07:28:19,CH0100191136,RLF,"Relief Therapeutics",100.0000000000,0.28,CHF,1.10387,,25.50,,,,,,,EOF1263876189,0.04
Market buy,2021-04-07 07:41:47,CH0100191136,RLF,"Relief Therapeutics",42.0000000000,0.28,CHF,1.10346,,10.64,,,,,,,EOF1263877124,0.02
Market sell,2021-04-07 10:52:28,VGG7223M1005,PREM,"Premier African Minerals",8000.0000000000,0.20,GBX,86.05851,-7.50,18.59,,,,,,,EOF1263890804,
Market buy,2021-04-07 13:30:02,CA42981E1043,HITIF,"High Tide",30.0000000000,0.63,USD,1.18932,,15.85,,,,,,,EOF1263902634,0.02
Deposit,2021-04-08 07:05:24,,,,,,,,,35.00,,,35.25,0.25,,"Transaction ID: 1859178655220312",26f7a19b-e3a2-4fa2-a623-0af87f76166e,
Market buy,2021-04-08 13:33:42,US62914V1061,NIO,"NIO Inc",1.0000000000,37.60,USD,1.18867,,31.68,,,,,,,EOF1268381151,0.05
Market buy,2021-04-08 14:16:41,CA42981E1043,HITIF,"High Tide",10.0000000000,0.59,USD,1.19024,,4.95,,,,,,,EOF1268406623,0.01
Deposit,2021-04-08 17:29:43,,,,,,,,,100.00,,,100.70,0.70,,"Transaction ID: 6239179029815688",0b570b84-6a32-4bf0-9b1a-df194cf50de3,
Market buy,2021-04-08 17:30:24,US0909112072,BIOL,"Biolase",115.0000000000,0.98,USD,1.19170,,95.00,,,,,,,EOF1269097433,0.14
Market buy,2021-04-08 17:34:29,CA42981E1043,HITIF,"High Tide",11.0000000000,0.60,USD,1.19181,,5.58,,,,,,,EOF1269098182,0.01
Dividend (Return of capital),2021-04-13 16:02:21,DE0005557508,DTE,"Deutsche Telekom",1.0000000000,0.60,EUR,Not available,,0.60,0.00,EUR,,,,,,
Deposit,2021-04-14 06:33:46,,,,,,,,,630.00,,,634.41,4.41,,"Transaction ID: 4826183820255593",eb9e4067-8cc5-4983-8780-42f5bb44423c,
Market buy,2021-04-14 07:04:23,US88160R1014,TL0,"Tesla",0.9600000000,632.70,EUR,1.00000,,607.39,,,,,,,EOF1278777616,
Market buy,2021-04-14 07:08:57,DE0005557508,DTE,"Deutsche Telekom",1.0000000000,15.93,EUR,1.00000,,15.93,,,,,,,EOF1278778161,
Market buy,2021-04-14 07:11:42,FR0010478248,ATA,"Atari",8.0000000000,0.90,EUR,1.00000,,7.20,,,,,,,EOF1278778399,
Deposit,2021-04-14 10:10:08,,,,,,,,,150.00,,,151.05,1.05,,"Transaction ID: 1346183950078788",d49b4212-65e4-43fa-b3e7-ea8003b9f851,
Limit buy,2021-04-14 13:48:54,US62914V1061,NIO,"NIO Inc",4.0000000000,38.50,USD,1.19631,,128.92,,,,,,,EOF1279873765,0.19
Market sell,2021-04-14 14:36:16,US88160R1014,TSLA,"Tesla",0.7000000000,753.50,USD,1.19645,30.57,440.85,,,,,,,EOF1279900223,
Market buy,2021-04-14 14:42:26,US62914V1061,NIO,"NIO Inc",2.0000000000,37.70,USD,1.19633,,63.12,,,,,,,EOF1279903003,0.09
Withdrawal,2021-04-14 14:51:00,,,,,,,,,400.00,,,,,,"Sent to card *6145",29334db0-a512-455e-839a-d04fa27e227f,
Market sell,2021-04-19 14:32:41,GB00B15XDH89,GGP,"Greatland Gold",50.0000000000,22.00,GBX,86.14411,0.03,12.77,,,,,,,EOF1291401213,
Market buy,2021-04-19 15:00:32,GB00BNK9TP58,TRST,"Trustpilot",3.0000000000,314.60,GBX,85.95189,,11.05,,,,,0.05,,EOF1291411503,0.02
Market sell,2021-04-20 14:50:15,CA37958K1093,REZZF,"Global Battery Metals",10.0000000000,0.30,USD,1.20487,-4.68,2.47,,,,,,,EOF1294723066,
Market sell,2021-04-20 14:54:27,US1891251076,CLWD,"CloudCommerce",405.0000000000,0.03,USD,1.20476,-24.60,8.44,,,,,,,EOF1294724706,
Market buy,2021-04-20 14:59:28,CA09228F1036,BB,"BlackBerry",1.5000000000,8.32,USD,1.20468,,10.38,,,,,,,EOF1294726704,0.02
Market sell,2021-04-21 09:17:34,GB00BH3X7Y70,KOD,"Kodal Minerals",3000.0000000000,0.12,GBX,86.26887,-1.04,4.17,,,,,,,EOF1295782364,
Market buy,2021-04-21 09:20:54,FR0010478248,ATA,"Atari",8.8000000000,0.68,EUR,1.00000,,5.99,,,,,,,EOF1295782565,
Deposit,2021-04-27 16:00:46,,,,,,,,,25.00,,,25.18,0.18,,"Transaction ID: 1839195392459412",c0b422be-09d7-4f58-a58e-0255ed183da1,
Market buy,2021-04-27 16:18:51,US35906A3068,FTR,"Frontier Communications",150.0000000000,0.10,USD,1.20704,,12.94,,,,,,,EOF1307677543,0.02
Market sell,2021-04-27 17:48:38,US62914V1061,NIO,"NIO Inc",1.0000000000,41.49,USD,1.20819,1.64,34.34,,,,,,,EOF1307687922,
Market buy,2021-04-27 17:49:11,CA60255C1095,MNMD,"MindMed",10.0000000000,4.43,USD,1.20784,,36.74,,,,,,,EOF1307687983,0.06
Market buy,2021-04-27 17:50:19,CA42981E1043,HITIF,"High Tide",20.0000000000,0.53,USD,1.20794,,8.70,,,,,,,EOF1307688063,0.01
Market sell,2021-04-28 15:29:43,US02083E1055,ALPP,"Alpine 4",24.0000000000,5.20,USD,1.20976,18.79,103.16,,,,,,,EOF1309732716,
Market buy,2021-04-28 19:26:02,US02083E1055,ALPP,"Alpine 4",20.0000000000,4.97,USD,1.21157,,82.16,,,,,,,EOF1309762138,0.12
Market buy,2021-04-28 19:35:36,US8051111016,SVRA,"Savara ",12.5000000000,2.03,USD,1.21194,,20.97,,,,,,,EOF1309763397,0.03
Deposit,2021-04-28 19:49:39,,,,,,,,,20.00,,,20.14,0.14,,"Transaction ID: 1646196393781815",4024b6bf-80d3-4ddb-9aa2-74b9051a4165,
Market buy,2021-04-28 19:50:24,VGG9396G1182,MYT,"Urban Tea ",8.4000000000,2.91,USD,1.21224,,20.19,,,,,,,EOF1309765788,0.03
Deposit,2021-04-29 12:02:55,,,,,,,,,100.00,,,100.70,0.70,,"Transaction ID: 1636196977731923",c2673ecf-734f-4ce3-af89-a2ce4823ce74,
Market buy,2021-04-29 12:04:04,FR0010478248,ATA,"Atari",140.0000000000,0.66,EUR,1.00000,,92.26,,,,,,,EOF1310685528,
Market buy,2021-04-29 12:23:22,GB00BNK9TP58,TRST,"Trustpilot",2.4000000000,314.00,GBX,86.90499,,8.72,,,,,0.04,,EOF1310686485,0.01
Deposit,2021-04-30 19:04:16,,,,,,,,,10.00,,,10.07,0.07,,"Transaction ID: 1829198094557352",f043c103-76b8-4ae4-92c4-93025f126169,